age,bp,sg,al,su,rbc,pc,pcc,ba,bgr,bu,sod,pot,hemo,pcv,wbcc,rbcc,htn,dm,cad,appet,pe,ane,serum_creatinine
48.0,80.0,1.02,1.0,0.0,,normal,notpresent,notpresent,121.0,36.0,,,15.4,44.0,7800.0,5.2,yes,yes,no,good,no,no,1.2
7.0,50.0,1.02,4.0,0.0,,normal,notpresent,notpresent,,18.0,,,11.3,38.0,6000.0,,no,no,no,good,no,no,0.8
62.0,80.0,1.01,2.0,3.0,normal,normal,notpresent,notpresent,423.0,53.0,,,9.6,31.0,7500.0,,no,yes,no,poor,no,yes,1.8
48.0,70.0,1.005,4.0,0.0,normal,abnormal,present,notpresent,117.0,56.0,111.0,2.5,11.2,32.0,6700.0,3.9,yes,no,no,poor,yes,yes,3.8
51.0,80.0,1.01,2.0,0.0,normal,normal,notpresent,notpresent,106.0,26.0,,,11.6,35.0,7300.0,4.6,no,no,no,good,no,no,1.4
60.0,90.0,1.015,3.0,0.0,,,notpresent,notpresent,74.0,25.0,142.0,3.2,12.2,39.0,7800.0,4.4,yes,yes,no,good,yes,no,1.1
68.0,70.0,1.01,0.0,0.0,,normal,notpresent,notpresent,100.0,54.0,104.0,4.0,12.4,36.0,,,no,no,no,good,no,no,24.0
24.0,,1.015,2.0,4.0,normal,abnormal,notpresent,notpresent,410.0,31.0,,,12.4,44.0,6900.0,5.0,no,yes,no,good,yes,no,1.1
52.0,100.0,1.015,3.0,0.0,normal,abnormal,present,notpresent,138.0,60.0,,,10.8,33.0,9600.0,4.0,yes,yes,no,good,no,yes,1.9
53.0,90.0,1.02,2.0,0.0,abnormal,abnormal,present,notpresent,70.0,107.0,114.0,3.7,9.5,29.0,12100.0,3.7,yes,yes,no,poor,no,yes,7.2
50.0,60.0,1.01,2.0,4.0,,abnormal,present,notpresent,490.0,55.0,,,9.4,28.0,,,yes,yes,no,good,no,yes,4.0
63.0,70.0,1.01,3.0,0.0,abnormal,abnormal,present,notpresent,380.0,60.0,131.0,4.2,10.8,32.0,4500.0,3.8,yes,yes,no,poor,yes,no,2.7
68.0,70.0,1.015,3.0,1.0,,normal,present,notpresent,208.0,72.0,138.0,5.8,9.7,28.0,12200.0,3.4,yes,yes,yes,poor,yes,no,2.1
68.0,70.0,,,,,,notpresent,notpresent,98.0,86.0,135.0,3.4,9.8,,,,yes,yes,yes,poor,yes,no,4.6
68.0,80.0,1.01,3.0,2.0,normal,abnormal,present,present,157.0,90.0,130.0,6.4,5.6,16.0,11000.0,2.6,yes,yes,yes,poor,yes,no,4.1
40.0,80.0,1.015,3.0,0.0,,normal,notpresent,notpresent,76.0,162.0,141.0,4.9,7.6,24.0,3800.0,2.8,yes,no,no,good,no,yes,9.6
47.0,70.0,1.015,2.0,0.0,,normal,notpresent,notpresent,99.0,46.0,138.0,4.1,12.6,,,,no,no,no,good,no,no,2.2
47.0,80.0,,,,,,notpresent,notpresent,114.0,87.0,139.0,3.7,12.1,,,,yes,no,no,poor,no,no,5.2
60.0,100.0,1.025,0.0,3.0,,normal,notpresent,notpresent,263.0,27.0,135.0,4.3,12.7,37.0,11400.0,4.3,yes,yes,yes,good,no,no,1.3
62.0,60.0,1.015,1.0,0.0,,abnormal,present,notpresent,100.0,31.0,,,10.3,30.0,5300.0,3.7,yes,no,yes,good,no,no,1.6
61.0,80.0,1.015,2.0,0.0,abnormal,abnormal,notpresent,notpresent,173.0,148.0,135.0,5.2,7.7,24.0,9200.0,3.2,yes,yes,yes,poor,yes,yes,3.9
60.0,90.0,,,,,,notpresent,notpresent,,180.0,4.5,,10.9,32.0,6200.0,3.6,yes,yes,yes,good,no,no,76.0
48.0,80.0,1.025,4.0,0.0,normal,abnormal,notpresent,notpresent,95.0,163.0,136.0,3.8,9.8,32.0,6900.0,3.4,yes,no,no,good,no,yes,7.7
42.0,100.0,1.015,4.0,0.0,normal,abnormal,notpresent,present,,50.0,129.0,4.0,11.1,39.0,8300.0,4.6,yes,no,no,poor,no,no,1.4
61.0,60.0,1.025,0.0,0.0,,normal,notpresent,notpresent,108.0,75.0,141.0,5.2,9.9,29.0,8400.0,3.7,yes,yes,no,good,no,yes,1.9
75.0,80.0,1.015,0.0,0.0,,normal,notpresent,notpresent,156.0,45.0,140.0,3.4,11.6,35.0,10300.0,4.0,yes,yes,no,poor,no,no,2.4
69.0,70.0,1.01,3.0,4.0,normal,abnormal,notpresent,notpresent,264.0,87.0,130.0,4.0,12.5,37.0,9600.0,4.1,yes,yes,yes,good,yes,no,2.7
75.0,70.0,,1.0,3.0,,,notpresent,notpresent,123.0,31.0,,,,,,,no,yes,no,good,no,no,1.4
68.0,70.0,1.005,1.0,0.0,abnormal,abnormal,present,notpresent,,28.0,,,12.9,38.0,,,no,no,yes,good,no,no,1.4
,70.0,,,,,,notpresent,notpresent,93.0,155.0,132.0,4.9,,,,,yes,yes,no,good,no,no,7.3
73.0,90.0,1.015,3.0,0.0,,abnormal,present,notpresent,107.0,33.0,141.0,4.6,10.1,30.0,7800.0,4.0,no,no,no,poor,no,no,1.5
61.0,90.0,1.01,1.0,1.0,,normal,notpresent,notpresent,159.0,39.0,133.0,4.9,11.3,34.0,9600.0,4.0,yes,yes,no,poor,no,no,1.5
60.0,100.0,1.02,2.0,0.0,abnormal,abnormal,notpresent,notpresent,140.0,55.0,,,10.1,29.0,,,yes,no,no,poor,no,no,2.5
70.0,70.0,1.01,1.0,0.0,normal,,present,present,171.0,153.0,,,,,,,no,yes,no,poor,no,no,5.2
65.0,90.0,1.02,2.0,1.0,abnormal,normal,notpresent,notpresent,270.0,39.0,,,12.0,36.0,9800.0,4.9,yes,yes,no,poor,no,yes,2.0
76.0,70.0,1.015,1.0,0.0,normal,normal,notpresent,notpresent,92.0,29.0,133.0,3.9,10.3,32.0,,,yes,no,no,good,no,no,1.8
72.0,80.0,,,,,,notpresent,notpresent,137.0,65.0,141.0,4.7,9.7,28.0,6900.0,2.5,yes,yes,no,poor,no,yes,3.4
69.0,80.0,1.02,3.0,0.0,abnormal,normal,notpresent,notpresent,,103.0,132.0,5.9,12.5,,,,yes,no,no,good,no,no,4.1
82.0,80.0,1.01,2.0,2.0,normal,,notpresent,notpresent,140.0,70.0,136.0,4.2,13.0,40.0,9800.0,4.2,yes,yes,no,good,no,no,3.4
46.0,90.0,1.01,2.0,0.0,normal,abnormal,notpresent,notpresent,99.0,80.0,,,11.1,32.0,9100.0,4.1,yes,no,no,good,no,no,2.1
45.0,70.0,1.01,0.0,0.0,,normal,notpresent,notpresent,,20.0,,,,,,,no,no,no,good,yes,no,0.7
47.0,100.0,1.01,0.0,0.0,,normal,notpresent,notpresent,204.0,29.0,139.0,4.2,9.7,33.0,9200.0,4.5,yes,no,no,good,no,yes,1.0
35.0,80.0,1.01,1.0,0.0,abnormal,,notpresent,notpresent,79.0,202.0,134.0,3.4,7.9,24.0,7900.0,3.1,no,yes,no,good,no,no,10.8
54.0,80.0,1.01,3.0,0.0,abnormal,abnormal,notpresent,notpresent,207.0,77.0,134.0,4.8,9.7,28.0,,,yes,yes,no,poor,yes,no,6.3
54.0,80.0,1.02,3.0,0.0,,abnormal,notpresent,notpresent,208.0,89.0,130.0,4.9,9.3,,,,yes,yes,no,poor,yes,no,5.9
48.0,70.0,1.015,0.0,0.0,,normal,notpresent,notpresent,124.0,24.0,142.0,4.2,12.4,37.0,6400.0,4.7,no,yes,no,good,no,no,1.2
11.0,80.0,1.01,3.0,0.0,,normal,notpresent,notpresent,,17.0,,,15.0,45.0,8600.0,,no,no,no,good,no,no,0.8
73.0,70.0,1.005,0.0,0.0,normal,normal,notpresent,notpresent,70.0,32.0,125.0,4.0,10.0,29.0,18900.0,3.5,yes,yes,no,good,yes,no,0.9
60.0,70.0,1.01,2.0,0.0,normal,abnormal,present,notpresent,144.0,72.0,,,9.7,29.0,21600.0,3.5,yes,yes,no,poor,no,yes,3.0
53.0,60.0,,,,,,notpresent,notpresent,91.0,114.0,142.0,4.3,8.6,28.0,11000.0,3.8,yes,yes,no,poor,yes,yes,3.25
54.0,100.0,1.015,3.0,0.0,,normal,present,notpresent,162.0,66.0,136.0,4.4,10.3,33.0,,,yes,yes,no,poor,yes,no,1.6
53.0,90.0,1.015,0.0,0.0,,normal,notpresent,notpresent,,38.0,,,10.9,34.0,4300.0,3.7,no,no,no,poor,no,yes,2.2
62.0,80.0,1.015,0.0,5.0,,,notpresent,notpresent,246.0,24.0,,,13.6,40.0,8500.0,4.7,yes,yes,no,good,no,no,1.0
63.0,80.0,1.01,2.0,2.0,normal,,notpresent,notpresent,,,136.0,4.2,13.0,40.0,9800.0,4.2,yes,no,yes,good,no,no,3.4
76.0,70.0,1.015,3.0,4.0,normal,abnormal,present,notpresent,,164.0,131.0,4.4,10.2,30.0,11300.0,3.4,yes,yes,yes,poor,yes,no,9.7
76.0,90.0,,,,,normal,notpresent,notpresent,93.0,155.0,132.0,4.9,,,,,yes,yes,yes,poor,no,no,7.3
73.0,80.0,1.02,2.0,0.0,abnormal,abnormal,notpresent,notpresent,253.0,142.0,138.0,5.8,10.5,33.0,7200.0,4.3,yes,yes,yes,good,no,no,4.6
59.0,100.0,,,,,,notpresent,notpresent,,96.0,,,6.6,,,,yes,yes,no,good,no,yes,6.4
67.0,90.0,1.02,1.0,0.0,,abnormal,present,notpresent,141.0,66.0,138.0,6.6,,,,,yes,no,no,good,no,no,3.2
67.0,80.0,1.01,1.0,3.0,normal,abnormal,notpresent,notpresent,182.0,391.0,163.0,39.0,,,,,no,no,no,good,yes,no,32.0
15.0,60.0,1.02,3.0,0.0,,normal,notpresent,notpresent,86.0,15.0,138.0,4.0,11.0,33.0,7700.0,3.8,yes,yes,no,good,no,no,0.6
46.0,70.0,1.015,1.0,0.0,abnormal,normal,notpresent,notpresent,150.0,111.0,131.0,3.7,7.5,27.0,,,no,no,no,good,no,yes,6.1
44.0,90.0,1.01,1.0,0.0,,normal,notpresent,notpresent,,20.0,,,15.0,48.0,,,no,no,no,good,no,no,1.1
67.0,70.0,1.02,2.0,0.0,abnormal,normal,notpresent,notpresent,150.0,55.0,131.0,4.8,,,,,yes,yes,no,good,yes,no,1.6
65.0,70.0,1.01,2.0,0.0,,normal,present,notpresent,112.0,73.0,,,10.9,37.0,,,no,no,no,good,no,no,3.3
26.0,70.0,1.015,0.0,4.0,,normal,notpresent,notpresent,250.0,20.0,,,15.6,52.0,6900.0,6.0,no,yes,no,good,no,no,1.1
61.0,80.0,1.015,0.0,4.0,,normal,notpresent,notpresent,360.0,19.0,137.0,4.4,15.2,44.0,8300.0,5.2,yes,yes,no,good,no,no,0.7
46.0,60.0,1.01,1.0,0.0,normal,normal,notpresent,notpresent,163.0,92.0,141.0,4.0,9.8,28.0,14600.0,3.2,yes,yes,no,good,no,no,3.3
64.0,90.0,1.01,3.0,3.0,,abnormal,present,notpresent,,35.0,,,10.3,,,,yes,yes,no,good,yes,no,1.3
,100.0,1.015,2.0,0.0,abnormal,abnormal,notpresent,notpresent,129.0,107.0,132.0,4.4,4.8,14.0,6300.0,,yes,no,no,good,yes,yes,6.7
56.0,90.0,1.015,2.0,0.0,abnormal,abnormal,notpresent,notpresent,129.0,107.0,131.0,4.8,9.1,29.0,6400.0,3.4,yes,no,no,good,no,no,6.7
5.0,,1.015,1.0,0.0,,normal,notpresent,notpresent,,16.0,138.0,3.2,8.1,,,,no,no,no,good,no,yes,0.7
48.0,80.0,1.005,4.0,0.0,abnormal,abnormal,notpresent,present,133.0,139.0,132.0,5.5,10.3,36.0,6200.0,4.0,no,yes,no,good,yes,no,8.5
67.0,70.0,1.01,1.0,0.0,,normal,notpresent,notpresent,102.0,48.0,137.0,5.0,11.9,34.0,7100.0,3.7,yes,yes,no,good,yes,no,3.2
70.0,80.0,,,,,,notpresent,notpresent,158.0,85.0,141.0,3.5,10.1,30.0,,,yes,no,no,good,yes,no,3.2
56.0,80.0,1.01,1.0,0.0,,normal,notpresent,notpresent,165.0,55.0,,,13.5,40.0,11800.0,5.0,yes,yes,no,poor,yes,no,1.8
74.0,80.0,1.01,0.0,0.0,,normal,notpresent,notpresent,132.0,98.0,133.0,5.0,10.8,31.0,9400.0,3.8,yes,yes,no,good,no,no,2.8
45.0,90.0,,,,,,notpresent,notpresent,360.0,45.0,128.0,4.4,8.3,29.0,5500.0,3.7,yes,yes,no,good,no,no,2.4
38.0,70.0,,,,,,notpresent,notpresent,104.0,77.0,140.0,3.9,,,,,yes,no,no,poor,yes,no,1.9
48.0,70.0,1.015,1.0,0.0,normal,normal,notpresent,notpresent,127.0,19.0,134.0,3.6,,,,,yes,yes,no,good,no,no,1.0
59.0,70.0,1.01,3.0,0.0,normal,abnormal,notpresent,notpresent,76.0,186.0,135.0,7.6,7.1,22.0,3800.0,2.1,yes,no,no,poor,yes,yes,15.0
70.0,70.0,1.015,2.0,,,,notpresent,notpresent,,46.0,,,9.9,,,,no,yes,no,poor,yes,no,1.5
56.0,80.0,,,,,,notpresent,notpresent,415.0,37.0,,,,,,,no,yes,no,good,no,no,1.9
70.0,100.0,1.005,1.0,0.0,normal,abnormal,present,notpresent,169.0,47.0,,,11.1,32.0,5800.0,5.0,yes,yes,no,poor,no,no,2.9
58.0,110.0,1.01,4.0,0.0,,normal,notpresent,notpresent,251.0,52.0,,,,,13200.0,4.7,yes,yes,no,good,no,no,2.2
50.0,70.0,1.02,0.0,0.0,,normal,notpresent,notpresent,109.0,32.0,139.0,4.7,,,,,no,no,no,poor,no,no,1.4
63.0,100.0,1.01,2.0,2.0,normal,normal,notpresent,present,280.0,35.0,143.0,3.5,13.0,40.0,9800.0,4.2,yes,no,yes,good,no,no,3.2
56.0,70.0,1.015,4.0,1.0,abnormal,normal,notpresent,notpresent,210.0,26.0,136.0,3.8,16.1,52.0,12500.0,5.6,no,no,no,good,no,no,1.7
71.0,70.0,1.01,3.0,0.0,normal,abnormal,present,present,219.0,82.0,133.0,4.4,10.4,33.0,5600.0,3.6,yes,yes,yes,good,no,no,3.6
73.0,100.0,1.01,3.0,2.0,abnormal,abnormal,present,notpresent,295.0,90.0,140.0,2.9,9.2,30.0,7000.0,3.2,yes,yes,yes,poor,no,no,5.6
65.0,70.0,1.01,0.0,0.0,,normal,notpresent,notpresent,93.0,66.0,137.0,4.5,11.6,36.0,11900.0,3.9,no,yes,no,good,no,no,1.6
62.0,90.0,1.015,1.0,0.0,,normal,notpresent,notpresent,94.0,25.0,131.0,3.7,,,,,yes,no,no,good,yes,yes,1.1
60.0,80.0,1.01,1.0,1.0,,normal,notpresent,notpresent,172.0,32.0,,,11.2,36.0,,,no,yes,yes,poor,no,no,2.7
65.0,60.0,1.015,1.0,0.0,,normal,notpresent,notpresent,91.0,51.0,132.0,3.8,10.0,32.0,9100.0,4.0,yes,yes,no,poor,yes,no,2.2
50.0,140.0,,,,,,notpresent,notpresent,101.0,106.0,135.0,4.3,6.2,18.0,5800.0,2.3,yes,yes,no,poor,no,yes,6.5
56.0,180.0,,0.0,4.0,,abnormal,notpresent,notpresent,298.0,24.0,139.0,3.9,11.2,32.0,10400.0,4.2,yes,yes,no,poor,yes,no,1.2
34.0,70.0,1.015,4.0,0.0,abnormal,abnormal,notpresent,notpresent,153.0,22.0,133.0,3.8,,,,,no,no,no,good,yes,no,0.9
71.0,90.0,1.015,2.0,0.0,,abnormal,present,present,88.0,80.0,139.0,5.7,11.3,33.0,10700.0,3.9,no,no,no,good,no,no,4.4
17.0,60.0,1.01,0.0,0.0,,normal,notpresent,notpresent,92.0,32.0,141.0,4.2,13.9,52.0,7000.0,,no,no,no,good,no,no,2.1
76.0,70.0,1.015,2.0,0.0,normal,abnormal,present,notpresent,226.0,217.0,,,10.2,36.0,12700.0,4.2,yes,no,no,poor,yes,yes,10.2
55.0,90.0,,,,,,notpresent,notpresent,143.0,88.0,,,,,,,yes,yes,no,poor,yes,no,2.0
65.0,80.0,1.015,0.0,0.0,,normal,notpresent,notpresent,115.0,32.0,139.0,4.0,14.1,42.0,6800.0,5.2,no,no,no,good,no,no,11.5
50.0,90.0,,,,,,notpresent,notpresent,89.0,118.0,127.0,4.4,6.0,17.0,6500.0,,yes,yes,no,good,yes,yes,6.1
55.0,100.0,1.015,1.0,4.0,normal,,notpresent,notpresent,297.0,53.0,139.0,4.5,11.2,34.0,13600.0,4.4,yes,yes,no,good,no,no,2.8
45.0,80.0,1.015,0.0,0.0,,abnormal,notpresent,notpresent,107.0,15.0,141.0,4.2,11.8,37.0,10200.0,4.2,no,no,no,good,no,no,1.0
54.0,70.0,,,,,,notpresent,notpresent,233.0,50.1,,,11.7,,,,no,yes,no,good,no,no,1.9
63.0,90.0,1.015,0.0,0.0,,normal,notpresent,notpresent,123.0,19.0,142.0,3.8,11.7,34.0,11400.0,4.7,no,no,no,good,no,no,2.0
65.0,80.0,1.01,3.0,3.0,,normal,notpresent,notpresent,294.0,71.0,128.0,5.4,10.0,32.0,9000.0,3.9,yes,yes,yes,good,no,no,4.4
,60.0,1.015,3.0,0.0,abnormal,abnormal,notpresent,notpresent,,34.0,,,10.8,33.0,,,no,no,no,good,no,no,1.2
12.0,60.0,1.015,3.0,0.0,abnormal,abnormal,present,notpresent,,51.0,,,12.1,,10300.0,,no,no,no,good,no,no,1.8
47.0,80.0,1.01,0.0,0.0,,abnormal,notpresent,notpresent,,28.0,,,12.4,44.0,5600.0,4.3,no,no,no,good,no,yes,0.9
,70.0,1.015,4.0,0.0,abnormal,normal,notpresent,notpresent,104.0,16.0,,,,,,,no,no,no,good,yes,no,0.5
,70.0,1.02,0.0,0.0,,,notpresent,notpresent,219.0,36.0,139.0,3.7,12.5,37.0,9800.0,4.4,no,no,no,good,no,no,1.3
55.0,70.0,1.01,3.0,0.0,,normal,notpresent,notpresent,99.0,25.0,,,11.4,,,,no,no,no,poor,yes,no,1.2
60.0,70.0,1.01,0.0,0.0,,normal,notpresent,notpresent,140.0,27.0,,,,,,,no,no,no,good,no,no,1.2
72.0,90.0,1.025,1.0,3.0,,normal,notpresent,notpresent,323.0,40.0,137.0,5.3,12.6,,,,no,yes,yes,poor,no,no,2.2
54.0,60.0,,3.0,,,,notpresent,notpresent,125.0,21.0,137.0,3.4,15.0,46.0,,,yes,yes,no,good,yes,no,1.3
34.0,70.0,,,,,,notpresent,notpresent,,219.0,130.0,3.8,6.0,,,,yes,no,no,good,no,yes,12.2
43.0,80.0,1.015,2.0,3.0,,abnormal,present,present,,30.0,,,14.0,42.0,14900.0,,no,no,no,good,no,no,1.1
65.0,100.0,1.015,0.0,0.0,,normal,notpresent,notpresent,90.0,98.0,,,9.1,28.0,5500.0,3.6,yes,no,no,good,no,no,2.5
72.0,90.0,,,,,,notpresent,notpresent,308.0,36.0,131.0,4.3,,,,,yes,yes,no,poor,no,no,2.5
70.0,90.0,1.015,0.0,0.0,,normal,notpresent,notpresent,144.0,125.0,136.0,4.6,12.0,37.0,8200.0,4.5,yes,yes,no,poor,yes,no,4.0
71.0,60.0,1.015,4.0,0.0,normal,normal,notpresent,notpresent,118.0,125.0,136.0,4.9,11.4,35.0,15200.0,4.3,yes,yes,no,poor,yes,no,5.3
52.0,90.0,1.015,4.0,3.0,normal,abnormal,notpresent,notpresent,224.0,166.0,133.0,47.0,8.1,23.0,5000.0,2.9,yes,yes,no,good,no,yes,5.6
75.0,70.0,1.025,1.0,0.0,,normal,notpresent,notpresent,158.0,49.0,135.0,4.7,11.1,,,,yes,no,no,poor,yes,no,1.4
50.0,90.0,1.01,2.0,0.0,normal,abnormal,present,present,128.0,208.0,134.0,4.8,8.2,22.0,16300.0,2.7,no,no,no,poor,yes,yes,9.2
5.0,50.0,1.01,0.0,0.0,,normal,notpresent,notpresent,,25.0,,,11.8,36.0,12400.0,,no,no,no,good,no,no,0.6
50.0,,,,,normal,,notpresent,notpresent,219.0,176.0,136.0,4.5,8.6,24.0,13200.0,2.7,yes,no,no,good,yes,yes,13.8
70.0,100.0,1.015,4.0,0.0,normal,normal,notpresent,notpresent,118.0,125.0,136.0,4.9,12.0,37.0,8400.0,8.0,yes,no,no,good,no,no,5.3
47.0,100.0,1.01,,,normal,,notpresent,notpresent,122.0,,138.0,5.2,10.8,33.0,10200.0,3.8,no,yes,no,good,no,no,16.9
48.0,80.0,1.015,0.0,2.0,,normal,notpresent,notpresent,214.0,24.0,140.0,4.0,13.2,39.0,,,no,yes,no,poor,no,no,1.3
46.0,90.0,1.02,,,,normal,notpresent,notpresent,213.0,68.0,146.0,6.3,9.3,,,,yes,yes,no,good,no,no,2.8
45.0,60.0,1.01,2.0,0.0,normal,abnormal,present,notpresent,268.0,86.0,134.0,5.1,10.0,29.0,9200.0,,yes,yes,no,good,no,no,4.0
73.0,,1.01,1.0,0.0,,,notpresent,notpresent,95.0,51.0,142.0,3.5,,,,,no,no,no,good,no,no,1.6
41.0,70.0,1.015,2.0,0.0,,abnormal,notpresent,present,,68.0,132.0,4.1,11.1,33.0,,,yes,no,no,good,yes,yes,2.8
69.0,70.0,1.01,0.0,4.0,,normal,notpresent,notpresent,256.0,40.0,142.0,5.6,,,,,no,no,no,good,no,no,1.2
67.0,70.0,1.01,1.0,0.0,normal,normal,notpresent,notpresent,,106.0,137.0,4.9,6.1,19.0,6500.0,,yes,no,no,good,no,yes,6.0
72.0,90.0,,,,,,notpresent,notpresent,84.0,145.0,135.0,5.3,,,,,no,yes,no,good,no,no,7.1
41.0,80.0,1.015,1.0,4.0,abnormal,normal,notpresent,notpresent,210.0,165.0,135.0,4.7,,,,,no,yes,no,good,no,no,18.0
60.0,90.0,1.01,2.0,0.0,abnormal,normal,notpresent,notpresent,105.0,53.0,136.0,5.2,11.1,33.0,10500.0,4.1,no,no,no,good,no,no,2.3
57.0,90.0,1.015,5.0,0.0,abnormal,abnormal,notpresent,present,,322.0,126.0,4.8,8.0,24.0,4200.0,3.3,yes,yes,yes,poor,yes,yes,13.0
53.0,100.0,1.01,1.0,3.0,abnormal,normal,notpresent,notpresent,213.0,23.0,139.0,4.0,,,,,no,yes,no,good,no,no,1.0
60.0,60.0,1.01,3.0,1.0,normal,abnormal,present,notpresent,288.0,36.0,130.0,3.0,7.9,25.0,15200.0,3.0,yes,no,no,poor,no,yes,1.7
69.0,60.0,,,,,,notpresent,notpresent,171.0,26.0,,,,,,,yes,no,no,poor,no,no,48.1
65.0,70.0,1.02,1.0,0.0,abnormal,abnormal,notpresent,notpresent,139.0,29.0,,,10.5,32.0,,,yes,no,no,good,yes,no,1.0
8.0,60.0,1.025,3.0,0.0,normal,normal,notpresent,notpresent,78.0,27.0,,,12.3,41.0,6700.0,,no,no,no,poor,yes,no,0.9
76.0,90.0,,,,,,notpresent,notpresent,172.0,46.0,141.0,5.5,9.6,30.0,,,yes,yes,no,good,no,yes,1.7
39.0,70.0,1.01,0.0,0.0,,normal,notpresent,notpresent,121.0,20.0,133.0,3.5,10.9,32.0,,,no,yes,no,good,no,no,0.8
55.0,90.0,1.01,2.0,1.0,abnormal,abnormal,notpresent,notpresent,273.0,235.0,132.0,3.4,8.3,22.0,14600.0,2.9,yes,yes,no,poor,yes,yes,14.2
56.0,90.0,1.005,4.0,3.0,abnormal,abnormal,notpresent,notpresent,242.0,132.0,140.0,4.2,8.4,26.0,,3.0,yes,yes,no,poor,yes,yes,16.4
50.0,70.0,1.02,3.0,0.0,abnormal,normal,present,present,123.0,40.0,,,11.1,36.0,4700.0,,no,no,no,good,no,no,1.8
66.0,90.0,1.015,2.0,0.0,,normal,notpresent,present,153.0,76.0,,,,,,,no,no,no,poor,no,no,3.3
62.0,70.0,1.025,3.0,0.0,normal,abnormal,notpresent,notpresent,122.0,42.0,136.0,4.7,12.6,39.0,7900.0,3.9,yes,yes,no,good,no,no,1.7
71.0,60.0,1.02,3.0,2.0,normal,normal,present,notpresent,424.0,48.0,132.0,4.0,10.9,31.0,,,yes,yes,yes,good,no,no,1.5
59.0,80.0,1.01,1.0,0.0,abnormal,normal,notpresent,notpresent,303.0,35.0,122.0,3.5,10.4,35.0,10900.0,4.3,no,yes,no,poor,no,no,1.3
81.0,60.0,,,,,,notpresent,notpresent,148.0,39.0,147.0,4.2,10.9,35.0,9400.0,2.4,yes,yes,yes,poor,yes,no,2.1
59.0,70.0,,,,,,notpresent,notpresent,204.0,34.0,124.0,4.1,9.8,37.0,6000.0,,no,yes,no,good,no,no,1.5
46.0,80.0,1.01,0.0,0.0,,normal,notpresent,notpresent,160.0,40.0,140.0,4.1,9.0,27.0,8100.0,3.2,yes,no,no,poor,no,yes,2.0
14.0,,1.015,0.0,0.0,,,notpresent,notpresent,192.0,15.0,137.0,4.2,14.3,40.0,9500.0,5.4,no,yes,no,poor,yes,no,0.8
27.0,60.0,,,,,,notpresent,notpresent,76.0,44.0,127.0,4.3,,,,,no,no,no,poor,yes,yes,3.9
34.0,70.0,1.02,0.0,0.0,abnormal,normal,notpresent,notpresent,139.0,19.0,,,12.7,42.0,2200.0,,no,no,no,poor,no,no,0.9
65.0,70.0,1.015,4.0,4.0,,normal,present,notpresent,307.0,28.0,,,11.0,39.0,6700.0,,yes,yes,no,good,no,no,1.5
,70.0,1.01,0.0,2.0,,normal,notpresent,notpresent,220.0,68.0,,,8.7,27.0,,,yes,yes,no,good,no,yes,2.8
66.0,70.0,1.015,2.0,5.0,,normal,notpresent,notpresent,447.0,41.0,131.0,3.9,12.5,33.0,9600.0,4.4,yes,yes,no,good,no,no,1.7
83.0,70.0,1.02,3.0,0.0,normal,normal,notpresent,notpresent,102.0,60.0,115.0,5.7,8.7,26.0,12800.0,3.1,yes,no,no,poor,no,yes,2.6
62.0,80.0,1.01,1.0,2.0,,,notpresent,notpresent,309.0,113.0,130.0,2.5,10.6,34.0,12800.0,4.9,no,no,no,good,no,no,2.9
17.0,70.0,1.015,1.0,0.0,abnormal,normal,notpresent,notpresent,22.0,1.5,145.0,2.8,13.1,41.0,11200.0,,no,no,no,good,no,no,7.3
54.0,70.0,,,,,,notpresent,notpresent,111.0,146.0,141.0,4.7,11.0,35.0,8600.0,4.6,no,no,no,good,no,no,7.5
60.0,50.0,1.01,0.0,0.0,,normal,notpresent,notpresent,261.0,58.0,113.0,3.0,,,4200.0,3.4,yes,no,no,good,no,no,2.2
21.0,90.0,1.01,4.0,0.0,normal,abnormal,present,present,107.0,40.0,125.0,3.5,8.3,23.0,12400.0,3.9,no,no,no,good,no,yes,1.7
65.0,80.0,1.015,2.0,1.0,normal,normal,present,notpresent,215.0,133.0,,,13.2,41.0,,,no,yes,no,good,no,no,2.5
42.0,90.0,1.02,2.0,0.0,abnormal,abnormal,present,notpresent,93.0,153.0,139.0,4.3,9.8,34.0,9800.0,,no,no,no,poor,yes,yes,2.7
72.0,90.0,1.01,2.0,0.0,,abnormal,present,notpresent,124.0,53.0,,,11.9,39.0,,,no,no,no,good,no,no,2.3
73.0,90.0,1.01,1.0,4.0,abnormal,abnormal,present,notpresent,234.0,56.0,,,10.3,28.0,,,no,yes,no,good,no,no,1.9
45.0,70.0,1.025,2.0,0.0,normal,abnormal,present,notpresent,117.0,52.0,136.0,3.8,10.0,30.0,19100.0,3.7,no,no,no,good,no,no,2.2
61.0,80.0,1.02,0.0,0.0,,normal,notpresent,notpresent,131.0,23.0,140.0,4.1,11.3,35.0,,,no,no,no,good,no,no,0.8
30.0,70.0,1.015,0.0,0.0,,normal,notpresent,notpresent,101.0,106.0,135.0,4.3,,,,,no,no,no,poor,no,no,6.5
54.0,60.0,1.015,3.0,2.0,,abnormal,notpresent,notpresent,352.0,137.0,133.0,4.5,11.3,31.0,5800.0,3.6,yes,yes,yes,poor,yes,no,3.3
4.0,,1.02,1.0,0.0,,normal,notpresent,notpresent,99.0,23.0,138.0,4.4,12.0,34.0,,,no,no,no,good,no,no,0.6
8.0,50.0,1.02,4.0,0.0,normal,normal,notpresent,notpresent,,46.0,135.0,3.8,,,,,no,no,no,good,yes,no,1.0
3.0,,1.01,2.0,0.0,normal,normal,notpresent,notpresent,,22.0,,,10.7,34.0,12300.0,,no,no,no,good,no,no,0.7
8.0,,,,,,,notpresent,notpresent,80.0,66.0,142.0,3.6,12.2,38.0,,,no,	no,no,good,no,no,2.5
64.0,60.0,1.01,4.0,1.0,abnormal,abnormal,notpresent,present,239.0,58.0,137.0,5.4,9.5,29.0,7500.0,3.4,yes,yes,no,poor,yes,no,4.3
6.0,60.0,1.01,4.0,0.0,abnormal,abnormal,notpresent,present,94.0,67.0,135.0,4.9,9.9,30.0,16700.0,4.8,no,no,no,poor,no,no,1.0
,70.0,1.01,3.0,0.0,normal,normal,notpresent,notpresent,110.0,115.0,134.0,2.7,9.1,26.0,9200.0,3.4,yes,yes,no,poor,no,no,6.0
46.0,110.0,1.015,0.0,0.0,,normal,notpresent,notpresent,130.0,16.0,,,,,,,no,no,no,good,no,no,0.9
32.0,90.0,1.025,1.0,0.0,abnormal,abnormal,notpresent,notpresent,,223.0,113.0,6.5,5.5,15.0,2600.0,2.8,yes,yes,no,poor,yes,yes,18.1
80.0,70.0,1.01,2.0,,,abnormal,notpresent,notpresent,,49.0,,,,,,,yes,yes,no,good,no,no,1.2
70.0,90.0,1.02,2.0,1.0,abnormal,abnormal,notpresent,present,184.0,98.6,138.0,3.9,5.8,,,,yes,yes,yes,poor,no,no,3.3
49.0,100.0,1.01,3.0,0.0,abnormal,abnormal,notpresent,notpresent,129.0,158.0,122.0,3.2,8.1,24.0,9600.0,3.5,yes,yes,no,poor,yes,yes,11.8
57.0,80.0,,,,,,notpresent,notpresent,,111.0,124.0,5.3,6.8,,4300.0,3.0,yes,yes,no,good,no,yes,9.3
59.0,100.0,1.02,4.0,2.0,normal,normal,notpresent,notpresent,252.0,40.0,137.0,4.7,11.2,30.0,26400.0,3.9,yes,yes,no,poor,yes,no,3.2
65.0,80.0,1.015,0.0,0.0,,normal,notpresent,notpresent,92.0,37.0,140.0,5.2,8.8,25.0,10700.0,3.2,yes,no,yes,good,yes,no,1.5
90.0,90.0,1.025,1.0,0.0,,normal,notpresent,notpresent,139.0,89.0,140.0,4.1,12.0,37.0,7900.0,3.9,yes,yes,no,good,no,no,3.0
64.0,70.0,,,,,,notpresent,notpresent,113.0,94.0,137.0,4.3,7.9,21.0,,,yes,yes,yes,good,yes,yes,7.3
78.0,60.0,,,,,,notpresent,notpresent,114.0,74.0,135.0,5.9,8.0,24.0,,,no,yes,no,good,no,yes,2.9
,90.0,,,,,,notpresent,notpresent,207.0,80.0,142.0,5.5,8.5,,,,yes,yes,no,good,no,yes,6.8
65.0,90.0,1.01,4.0,2.0,normal,normal,notpresent,notpresent,172.0,82.0,145.0,6.3,8.8,31.0,,,yes,yes,no,good,yes,yes,13.5
61.0,70.0,,,,,,notpresent,notpresent,100.0,28.0,,,12.6,43.0,,,yes,yes,no,good,no,no,2.1
60.0,70.0,1.01,1.0,0.0,,normal,notpresent,notpresent,109.0,96.0,135.0,4.0,13.8,41.0,,,yes,no,no,good,no,no,3.9
50.0,70.0,1.01,0.0,0.0,,normal,notpresent,notpresent,230.0,50.0,,,12.0,41.0,10400.0,4.6,yes,yes,no,good,no,no,2.2
67.0,80.0,,,,,,notpresent,notpresent,341.0,37.0,,,12.3,41.0,6900.0,4.9,yes,yes,no,good,no,yes,1.5
59.0,100.0,1.015,4.0,2.0,normal,normal,notpresent,notpresent,255.0,132.0,135.0,5.7,7.3,20.0,9800.0,3.9,yes,yes,yes,good,no,yes,12.8
54.0,120.0,1.015,0.0,0.0,,normal,notpresent,notpresent,103.0,18.0,,,,,,,no,no,no,good,no,no,1.2
40.0,70.0,1.015,3.0,4.0,normal,normal,notpresent,notpresent,253.0,150.0,132.0,5.6,10.9,31.0,8800.0,3.4,yes,yes,no,poor,yes,no,11.9
55.0,80.0,1.01,3.0,1.0,normal,abnormal,present,present,214.0,73.0,137.0,4.9,10.9,34.0,7400.0,3.7,yes,yes,no,good,yes,no,3.9
68.0,80.0,1.015,0.0,0.0,,abnormal,notpresent,notpresent,171.0,30.0,,,13.7,43.0,4900.0,5.2,no,yes,no,good,no,no,1.0
63.0,100.0,1.01,1.0,0.0,,normal,notpresent,notpresent,78.0,61.0,141.0,4.4,12.2,36.0,10500.0,4.3,no,yes,no,good,no,no,1.8
33.0,90.0,1.015,0.0,0.0,,normal,notpresent,notpresent,92.0,19.0,,,11.8,34.0,7000.0,,no,no,no,good,no,no,0.8
68.0,90.0,1.01,0.0,0.0,,normal,notpresent,notpresent,238.0,57.0,,,9.8,28.0,8000.0,3.3,yes,yes,no,poor,no,no,2.5
66.0,70.0,1.02,1.0,0.0,normal,,notpresent,notpresent,248.0,30.0,138.0,5.3,,,,,yes,yes,no,good,no,no,1.7
74.0,60.0,,,,,,notpresent,notpresent,108.0,68.0,,,,,,,yes,yes,no,good,no,no,1.8
71.0,90.0,1.01,0.0,3.0,,normal,notpresent,notpresent,303.0,30.0,136.0,4.1,13.0,38.0,9200.0,4.6,yes,yes,no,good,no,no,1.3
34.0,60.0,1.02,0.0,0.0,,normal,notpresent,notpresent,117.0,28.0,138.0,3.8,,,,,no,no,no,good,yes,no,2.2
60.0,90.0,1.01,3.0,5.0,abnormal,normal,notpresent,present,490.0,95.0,131.0,3.8,11.5,35.0,12000.0,4.5,yes,yes,no,good,no,no,2.7
64.0,100.0,1.015,4.0,2.0,abnormal,abnormal,notpresent,present,163.0,54.0,140.0,4.6,7.9,26.0,7500.0,3.4,yes,yes,no,good,yes,no,7.2
57.0,80.0,1.015,0.0,0.0,,normal,notpresent,notpresent,120.0,48.0,,,11.3,36.0,7200.0,3.8,yes,yes,no,good,no,no,1.6
60.0,70.0,,,,,,notpresent,notpresent,124.0,52.0,,,,,,,yes,no,no,good,no,no,2.5
59.0,50.0,1.01,3.0,0.0,normal,abnormal,notpresent,notpresent,241.0,191.0,114.0,2.9,9.6,31.0,15700.0,3.8,no,yes,no,good,yes,no,12.0
65.0,60.0,1.01,2.0,0.0,normal,abnormal,present,notpresent,192.0,17.0,130.0,4.3,,,9500.0,,yes,yes,no,poor,no,no,1.7
60.0,90.0,,,,,,notpresent,notpresent,269.0,51.0,138.0,3.7,11.5,35.0,,,yes,yes,yes,good,yes,no,2.8
51.0,100.0,1.015,2.0,0.0,normal,normal,notpresent,present,93.0,20.0,146.0,4.5,,,,,no,no,no,poor,no,no,1.6
37.0,100.0,1.01,0.0,0.0,abnormal,normal,notpresent,notpresent,,19.0,,,15.0,44.0,4100.0,5.2,yes,no,no,good,no,no,1.3
45.0,70.0,1.01,2.0,0.0,,normal,notpresent,notpresent,113.0,93.0,,,7.9,26.0,5700.0,,no,no,yes,good,no,yes,2.3
65.0,80.0,,,,,,notpresent,notpresent,74.0,66.0,136.0,5.4,9.1,25.0,,,yes,yes,yes,good,yes,no,2.0
80.0,70.0,1.015,2.0,2.0,,normal,notpresent,notpresent,141.0,53.0,,,12.7,40.0,9600.0,,yes,yes,no,poor,yes,no,2.2
72.0,100.0,,,,,,notpresent,notpresent,201.0,241.0,127.0,4.8,9.4,28.0,,,yes,yes,no,good,no,yes,13.4
34.0,90.0,1.015,2.0,0.0,normal,normal,notpresent,notpresent,104.0,50.0,137.0,4.1,11.9,39.0,,,no,no,no,good,no,no,1.6
65.0,70.0,1.015,1.0,0.0,,normal,notpresent,notpresent,203.0,46.0,,,11.4,36.0,5000.0,4.1,yes,yes,no,poor,yes,no,1.4
57.0,70.0,1.015,1.0,0.0,,abnormal,notpresent,notpresent,165.0,45.0,140.0,3.3,10.4,31.0,4200.0,3.9,no,no,no,good,no,no,1.5
69.0,70.0,1.01,4.0,3.0,normal,abnormal,present,present,214.0,96.0,120.0,3.9,9.4,28.0,11500.0,3.3,yes,yes,yes,good,yes,yes,6.3
62.0,90.0,1.02,2.0,1.0,,normal,notpresent,notpresent,169.0,48.0,138.0,2.9,13.4,47.0,11000.0,6.1,yes,no,no,good,no,no,2.4
64.0,90.0,1.015,3.0,2.0,,abnormal,present,notpresent,463.0,64.0,135.0,4.1,12.2,40.0,9800.0,4.6,yes,yes,no,good,no,yes,2.8
48.0,100.0,,,,,,notpresent,notpresent,103.0,79.0,135.0,6.3,6.3,19.0,7200.0,2.6,yes,no,yes,poor,no,no,5.3
48.0,110.0,1.015,3.0,0.0,abnormal,normal,present,notpresent,106.0,215.0,120.0,5.7,8.6,26.0,5000.0,2.5,yes,no,yes,good,no,yes,15.2
54.0,90.0,1.025,1.0,0.0,normal,abnormal,notpresent,notpresent,150.0,18.0,140.0,4.2,,,,,no,no,no,poor,yes,yes,1.2
59.0,70.0,1.01,1.0,3.0,abnormal,abnormal,notpresent,notpresent,424.0,55.0,138.0,4.5,12.6,37.0,10200.0,4.1,yes,yes,yes,good,no,no,1.7
56.0,90.0,1.01,4.0,1.0,normal,abnormal,present,notpresent,176.0,309.0,124.0,6.5,3.1,9.0,5400.0,2.1,yes,yes,no,poor,yes,yes,13.3
40.0,80.0,1.025,0.0,0.0,normal,normal,notpresent,notpresent,140.0,10.0,135.0,5.0,15.0,48.0,10400.0,4.5,no,no,no,good,no,no,1.2
23.0,80.0,1.025,0.0,0.0,normal,normal,notpresent,notpresent,70.0,36.0,150.0,4.6,17.0,52.0,9800.0,5.0,no,no,no,good,no,no,1.0
45.0,80.0,1.025,0.0,0.0,normal,normal,notpresent,notpresent,82.0,49.0,147.0,4.4,15.9,46.0,9100.0,4.7,no,no,no,good,no,no,0.6
57.0,80.0,1.025,0.0,0.0,normal,normal,notpresent,notpresent,119.0,17.0,135.0,4.7,15.4,42.0,6200.0,6.2,no,no,no,good,no,no,1.2
51.0,60.0,1.025,0.0,0.0,normal,normal,notpresent,notpresent,99.0,38.0,135.0,3.7,13.0,49.0,8300.0,5.2,no,no,no,good,no,no,0.8
34.0,80.0,1.025,0.0,0.0,normal,normal,notpresent,notpresent,121.0,27.0,144.0,3.9,13.6,52.0,9200.0,6.3,no,no,no,good,no,no,1.2
60.0,80.0,1.025,0.0,0.0,normal,normal,notpresent,notpresent,131.0,10.0,146.0,5.0,14.5,41.0,10700.0,5.1,no,no,no,good,no,no,0.5
38.0,60.0,1.02,0.0,0.0,normal,normal,notpresent,notpresent,91.0,36.0,135.0,3.7,14.0,46.0,9100.0,5.8,no,no,no,good,no,no,0.7
42.0,80.0,1.02,0.0,0.0,normal,normal,notpresent,notpresent,98.0,20.0,140.0,3.5,13.9,44.0,8400.0,5.5,no,no,no,good,no,no,0.5
35.0,80.0,1.02,0.0,0.0,normal,normal,notpresent,notpresent,104.0,31.0,135.0,5.0,16.1,45.0,4300.0,5.2,no,no,no,good,no,no,1.2
30.0,80.0,1.02,0.0,0.0,normal,normal,notpresent,notpresent,131.0,38.0,147.0,3.8,14.1,45.0,9400.0,5.3,no,no,no,good,no,no,1.0
49.0,80.0,1.02,0.0,0.0,normal,normal,notpresent,notpresent,122.0,32.0,139.0,3.9,17.0,41.0,5600.0,4.9,no,no,no,good,no,no,1.2
55.0,80.0,1.02,0.0,0.0,normal,normal,notpresent,notpresent,118.0,18.0,135.0,3.6,15.5,43.0,7200.0,5.4,no,no,no,good,no,no,0.9
45.0,80.0,1.02,0.0,0.0,normal,normal,notpresent,notpresent,117.0,46.0,137.0,5.0,16.2,45.0,8600.0,5.2,no,no,no,good,no,no,1.2
42.0,80.0,1.02,0.0,0.0,normal,normal,notpresent,notpresent,132.0,24.0,140.0,4.1,14.4,50.0,5000.0,4.5,no,no,no,good,no,no,0.7
50.0,80.0,1.02,0.0,0.0,normal,normal,notpresent,notpresent,97.0,40.0,150.0,4.5,14.2,48.0,10500.0,5.0,no,no,no,good,no,no,0.6
55.0,80.0,1.02,0.0,0.0,normal,normal,notpresent,notpresent,133.0,17.0,135.0,4.8,13.2,41.0,6800.0,5.3,no,no,no,good,no,no,1.2
48.0,80.0,1.025,0.0,0.0,normal,normal,notpresent,notpresent,122.0,33.0,146.0,3.9,13.9,48.0,9500.0,4.8,no,no,no,good,no,no,0.9
,80.0,,,,,,notpresent,notpresent,100.0,49.0,140.0,5.0,16.3,53.0,8500.0,4.9,no,no,no,good,no,no,1.0
25.0,80.0,1.025,0.0,0.0,normal,normal,notpresent,notpresent,121.0,19.0,142.0,4.9,15.0,48.0,6900.0,5.3,no,no,no,good,no,no,1.2
23.0,80.0,1.025,0.0,0.0,normal,normal,notpresent,notpresent,111.0,34.0,145.0,4.0,14.3,41.0,7200.0,5.0,no,no,no,good,no,no,1.1
30.0,80.0,1.025,0.0,0.0,normal,normal,notpresent,notpresent,96.0,25.0,144.0,4.8,13.8,42.0,9000.0,4.5,no,no,no,good,no,no,0.5
56.0,80.0,1.025,0.0,0.0,normal,normal,notpresent,notpresent,139.0,15.0,135.0,5.0,14.8,42.0,5600.0,5.5,no,no,no,good,no,no,1.2
47.0,80.0,1.02,0.0,0.0,normal,normal,notpresent,notpresent,95.0,35.0,140.0,4.1,,,,,no,no,no,good,no,no,0.9
19.0,80.0,1.02,0.0,0.0,normal,normal,notpresent,notpresent,107.0,23.0,141.0,4.2,14.4,44.0,,,no,no,no,good,no,no,0.7
52.0,80.0,1.02,0.0,0.0,normal,normal,notpresent,notpresent,125.0,22.0,139.0,4.6,16.5,43.0,4700.0,4.6,no,no,no,good,no,no,1.2
46.0,60.0,1.025,0.0,0.0,normal,normal,notpresent,notpresent,123.0,46.0,135.0,5.0,15.7,50.0,6300.0,4.8,no,no,no,good,no,no,1.0
48.0,60.0,1.02,0.0,0.0,normal,normal,notpresent,notpresent,112.0,44.0,142.0,4.9,14.5,44.0,9400.0,6.4,no,no,no,good,no,no,1.2
24.0,70.0,1.025,0.0,0.0,normal,normal,notpresent,notpresent,140.0,23.0,140.0,4.7,16.3,48.0,5800.0,5.6,no,no,no,good,no,no,0.6
47.0,80.0,,,,,,notpresent,notpresent,93.0,33.0,144.0,4.5,13.3,52.0,8100.0,5.2,no,no,no,good,no,no,0.9
55.0,80.0,1.025,0.0,0.0,normal,normal,notpresent,notpresent,130.0,50.0,147.0,5.0,15.5,41.0,9100.0,6.0,no,no,no,good,no,no,1.2
20.0,70.0,1.02,0.0,0.0,normal,normal,notpresent,notpresent,123.0,44.0,135.0,3.8,14.6,44.0,5500.0,4.8,no,no,no,good,no,no,1.0
33.0,80.0,1.025,0.0,0.0,normal,normal,notpresent,notpresent,100.0,37.0,142.0,4.0,16.9,52.0,6700.0,6.0,no,no,no,good,no,no,1.2
66.0,70.0,1.02,0.0,0.0,normal,normal,notpresent,notpresent,94.0,19.0,135.0,3.9,16.0,41.0,5300.0,5.9,no,no,no,good,no,no,0.7
71.0,70.0,1.02,0.0,0.0,normal,normal,notpresent,notpresent,81.0,18.0,145.0,5.0,14.7,44.0,9800.0,6.0,no,no,no,good,no,no,0.8
39.0,70.0,1.025,0.0,0.0,normal,normal,notpresent,notpresent,124.0,22.0,137.0,3.8,13.4,43.0,,,no,no,no,good,no,no,0.6
56.0,70.0,1.025,0.0,0.0,normal,normal,notpresent,notpresent,70.0,46.0,135.0,4.9,15.9,50.0,11000.0,5.1,,,,good,no,no,1.2
42.0,70.0,1.02,0.0,0.0,normal,normal,notpresent,notpresent,93.0,32.0,143.0,4.7,16.6,43.0,7100.0,5.3,no,no,no,good,no,no,0.9
54.0,70.0,1.02,0.0,0.0,,,,,76.0,28.0,146.0,3.5,14.8,52.0,8400.0,5.9,no,no,no,good,no,no,0.6
47.0,80.0,1.025,0.0,0.0,normal,normal,notpresent,notpresent,124.0,44.0,140.0,4.9,14.9,41.0,7000.0,5.7,no,no,no,good,no,no,1.0
30.0,80.0,1.02,0.0,0.0,normal,normal,notpresent,notpresent,89.0,42.0,139.0,5.0,16.7,52.0,10200.0,5.0,no,no,no,good,no,no,0.5
50.0,,1.02,0.0,0.0,normal,normal,notpresent,notpresent,92.0,19.0,150.0,4.8,14.9,48.0,4700.0,5.4,no,no,no,good,no,no,1.2
75.0,60.0,1.02,0.0,0.0,normal,normal,notpresent,notpresent,110.0,50.0,135.0,5.0,14.3,40.0,8300.0,5.8,no,no,no,,,,0.7
44.0,70.0,,,,,,notpresent,notpresent,106.0,25.0,150.0,3.6,15.0,50.0,9600.0,6.5,no,no,no,good,no,no,0.9
41.0,70.0,1.02,0.0,0.0,normal,normal,notpresent,notpresent,125.0,38.0,140.0,5.0,16.8,41.0,6300.0,5.9,no,no,no,good,no,no,0.6
53.0,60.0,1.025,0.0,0.0,normal,normal,notpresent,notpresent,116.0,26.0,146.0,4.9,15.8,45.0,7700.0,5.2,,,,good,no,no,1.0
34.0,60.0,1.02,0.0,0.0,normal,normal,notpresent,notpresent,91.0,49.0,135.0,4.5,13.5,48.0,8600.0,4.9,no,no,no,good,no,no,1.2
73.0,60.0,1.02,0.0,0.0,normal,normal,notpresent,notpresent,127.0,48.0,150.0,3.5,15.1,52.0,11000.0,4.7,no,no,no,good,no,no,0.5
45.0,60.0,1.02,0.0,0.0,normal,normal,,,114.0,26.0,141.0,4.2,15.0,43.0,9200.0,5.8,no,no,no,good,no,no,0.7
44.0,60.0,1.025,0.0,0.0,normal,normal,notpresent,notpresent,96.0,33.0,147.0,4.5,16.9,41.0,7200.0,5.0,no,no,no,good,no,no,0.9
29.0,70.0,1.02,0.0,0.0,normal,normal,notpresent,notpresent,127.0,44.0,145.0,5.0,14.8,48.0,,,no,no,no,good,no,no,1.2
55.0,70.0,1.02,0.0,0.0,normal,normal,notpresent,notpresent,107.0,26.0,,,17.0,50.0,6700.0,6.1,no,no,no,good,no,no,1.1
33.0,80.0,1.025,0.0,0.0,normal,normal,notpresent,notpresent,128.0,38.0,135.0,3.9,13.1,45.0,6200.0,4.5,no,no,no,good,no,no,0.6
41.0,80.0,1.02,0.0,0.0,normal,normal,notpresent,notpresent,122.0,25.0,138.0,5.0,17.1,41.0,9100.0,5.2,no,no,no,good,no,no,0.8
52.0,80.0,1.02,0.0,0.0,normal,normal,notpresent,notpresent,128.0,30.0,140.0,4.5,15.2,52.0,4300.0,5.7,no,no,no,good,no,no,1.2
47.0,60.0,1.02,0.0,0.0,normal,normal,notpresent,notpresent,137.0,17.0,150.0,3.5,13.6,44.0,7900.0,4.5,no,no,no,good,no,no,0.5
43.0,80.0,1.025,0.0,0.0,normal,normal,notpresent,notpresent,81.0,46.0,135.0,4.9,13.9,48.0,6900.0,4.9,no,no,no,good,no,no,0.6
51.0,60.0,1.02,0.0,0.0,,,notpresent,notpresent,129.0,25.0,139.0,5.0,17.2,40.0,8100.0,5.9,no,no,no,good,no,no,1.2
46.0,60.0,1.02,0.0,0.0,normal,normal,notpresent,notpresent,102.0,27.0,142.0,4.9,13.2,44.0,11000.0,5.4,no,no,no,good,no,no,0.7
56.0,60.0,1.025,0.0,0.0,normal,normal,notpresent,notpresent,132.0,18.0,147.0,4.7,13.7,45.0,7500.0,5.6,no,no,no,good,no,no,1.1
55.0,80.0,1.02,0.0,0.0,normal,normal,notpresent,notpresent,104.0,28.0,142.0,4.8,17.3,52.0,8200.0,4.8,no,no,no,good,no,no,0.9
39.0,70.0,1.025,0.0,0.0,normal,normal,notpresent,notpresent,131.0,46.0,145.0,5.0,15.6,41.0,9400.0,4.7,no,no,no,good,no,no,0.6
35.0,,1.02,0.0,0.0,normal,normal,,,99.0,30.0,135.0,4.9,15.4,48.0,5000.0,5.2,no,no,no,good,no,no,0.5
58.0,70.0,1.02,0.0,0.0,normal,normal,notpresent,notpresent,102.0,48.0,139.0,4.3,15.0,40.0,8100.0,4.9,no,no,no,good,no,no,1.2
61.0,70.0,1.025,0.0,0.0,normal,normal,notpresent,notpresent,120.0,29.0,137.0,3.5,17.4,52.0,7000.0,5.3,no,no,no,good,no,no,0.7
30.0,60.0,1.02,0.0,0.0,normal,normal,notpresent,notpresent,138.0,15.0,135.0,4.4,,,,,no,no,no,good,no,no,1.1
57.0,60.0,1.02,0.0,0.0,normal,normal,notpresent,notpresent,105.0,49.0,150.0,4.7,15.7,44.0,10400.0,6.2,no,no,no,good,no,no,1.2
65.0,60.0,1.02,0.0,0.0,normal,normal,notpresent,notpresent,109.0,39.0,144.0,3.5,13.9,48.0,9600.0,4.8,no,no,no,good,no,no,1.0
70.0,60.0,,,,,,notpresent,notpresent,120.0,40.0,140.0,4.6,16.0,43.0,4500.0,4.9,no,no,no,good,no,no,0.5
43.0,80.0,1.025,0.0,0.0,normal,normal,notpresent,notpresent,130.0,30.0,143.0,5.0,15.9,45.0,7800.0,4.5,no,no,no,good,no,no,1.1
40.0,80.0,1.02,0.0,0.0,normal,normal,notpresent,notpresent,119.0,15.0,150.0,4.9,,,,,no,no,no,good,no,no,0.7
58.0,80.0,1.02,0.0,0.0,normal,normal,notpresent,notpresent,100.0,50.0,140.0,3.5,14.0,50.0,6700.0,6.5,no,no,no,good,no,no,1.2
47.0,60.0,1.02,0.0,0.0,normal,normal,notpresent,notpresent,109.0,25.0,141.0,4.7,15.8,41.0,8300.0,5.2,no,no,no,good,no,no,1.1
30.0,60.0,1.025,0.0,0.0,normal,normal,notpresent,notpresent,120.0,31.0,150.0,4.6,13.4,44.0,10700.0,5.8,no,no,no,good,no,no,0.8
28.0,70.0,1.02,0.0,0.0,normal,normal,,,131.0,29.0,145.0,4.9,,45.0,8600.0,6.5,no,no,no,good,no,no,0.6
33.0,60.0,1.025,0.0,0.0,normal,normal,notpresent,notpresent,80.0,25.0,146.0,3.5,14.1,48.0,7800.0,5.1,no,no,no,good,no,no,0.9
43.0,80.0,1.02,0.0,0.0,normal,normal,notpresent,notpresent,114.0,32.0,135.0,3.9,,42.0,,,no,no,no,good,no,no,1.1
59.0,70.0,1.025,0.0,0.0,normal,normal,notpresent,notpresent,130.0,39.0,147.0,4.7,13.5,46.0,6700.0,4.5,no,no,no,good,no,no,0.7
34.0,70.0,1.025,0.0,0.0,normal,normal,notpresent,notpresent,,33.0,150.0,5.0,15.3,44.0,10500.0,6.1,no,no,no,good,no,no,1.0
23.0,80.0,1.02,0.0,0.0,normal,normal,notpresent,notpresent,99.0,46.0,142.0,4.0,17.7,46.0,4300.0,5.5,no,no,no,good,no,no,1.2
60.0,60.0,1.02,0.0,0.0,normal,normal,notpresent,notpresent,134.0,45.0,139.0,4.8,14.2,48.0,10700.0,5.6,no,no,no,good,no,no,0.5
25.0,60.0,1.02,0.0,0.0,normal,normal,notpresent,notpresent,119.0,27.0,,,15.2,40.0,9200.0,5.2,no,no,no,good,no,no,0.5
44.0,70.0,1.025,0.0,0.0,normal,normal,notpresent,notpresent,92.0,40.0,141.0,4.9,14.0,52.0,7500.0,6.2,no,no,no,good,no,no,0.9
62.0,80.0,1.02,0.0,0.0,normal,normal,notpresent,notpresent,132.0,34.0,147.0,3.5,17.8,44.0,4700.0,4.5,no,no,no,good,no,no,0.8
25.0,70.0,1.02,0.0,0.0,normal,normal,notpresent,notpresent,88.0,42.0,136.0,3.5,13.3,48.0,7000.0,4.9,no,no,no,good,no,no,0.5
32.0,70.0,1.025,0.0,0.0,normal,normal,notpresent,notpresent,100.0,29.0,142.0,4.5,14.3,43.0,6700.0,5.9,no,no,no,good,no,no,1.1
63.0,70.0,1.025,0.0,0.0,normal,normal,notpresent,notpresent,130.0,37.0,150.0,5.0,13.4,41.0,7300.0,4.7,no,no,no,good,no,no,0.9
44.0,60.0,1.02,0.0,0.0,normal,normal,notpresent,notpresent,95.0,46.0,138.0,4.2,15.0,50.0,7700.0,6.3,no,no,no,good,no,no,0.5
37.0,60.0,1.025,0.0,0.0,normal,normal,notpresent,notpresent,111.0,35.0,135.0,4.1,16.2,50.0,5500.0,5.7,no,no,no,good,no,no,0.8
64.0,60.0,1.02,0.0,0.0,normal,normal,notpresent,notpresent,106.0,27.0,150.0,3.3,14.4,42.0,8100.0,4.7,no,no,no,good,no,no,0.7
22.0,60.0,1.025,0.0,0.0,normal,normal,notpresent,notpresent,97.0,18.0,138.0,4.3,13.5,42.0,7900.0,6.4,no,no,no,good,no,no,1.2
33.0,60.0,,,,normal,normal,notpresent,notpresent,130.0,41.0,141.0,4.4,15.5,52.0,4300.0,5.8,no,no,no,good,no,no,0.9
43.0,60.0,1.025,0.0,0.0,normal,normal,notpresent,notpresent,108.0,25.0,144.0,5.0,17.8,43.0,7200.0,5.5,no,no,no,good,no,no,1.0
38.0,80.0,1.02,0.0,0.0,normal,normal,notpresent,notpresent,99.0,19.0,147.0,3.5,13.6,44.0,7300.0,6.4,no,no,no,good,no,no,0.5
35.0,70.0,1.025,0.0,0.0,,,notpresent,notpresent,82.0,36.0,150.0,3.5,14.5,52.0,9400.0,6.1,no,no,no,good,no,no,1.1
65.0,70.0,1.025,0.0,0.0,,,notpresent,notpresent,85.0,20.0,142.0,4.8,16.1,43.0,9600.0,4.5,no,no,no,good,no,no,1.0
29.0,80.0,1.02,0.0,0.0,normal,normal,notpresent,notpresent,83.0,49.0,139.0,3.3,17.5,40.0,9900.0,4.7,no,no,no,good,no,no,0.9
37.0,60.0,1.02,0.0,0.0,normal,normal,notpresent,notpresent,109.0,47.0,141.0,4.9,15.0,48.0,7000.0,5.2,no,no,no,good,no,no,1.1
39.0,60.0,1.02,0.0,0.0,normal,normal,notpresent,notpresent,86.0,37.0,150.0,5.0,13.6,51.0,5800.0,4.5,no,no,no,good,no,no,0.6
32.0,60.0,1.025,0.0,0.0,normal,normal,notpresent,notpresent,102.0,17.0,147.0,4.7,14.6,41.0,6800.0,5.1,no,no,no,good,no,no,0.4
23.0,60.0,1.02,0.0,0.0,normal,normal,notpresent,notpresent,95.0,24.0,145.0,5.0,15.0,52.0,6300.0,4.6,no,no,no,good,no,no,0.8
34.0,70.0,1.025,0.0,0.0,normal,normal,notpresent,notpresent,87.0,38.0,144.0,4.8,17.1,47.0,7400.0,6.1,no,no,no,good,no,no,0.5
66.0,70.0,1.025,0.0,0.0,normal,normal,notpresent,notpresent,107.0,16.0,140.0,3.6,13.6,42.0,11000.0,4.9,no,no,no,good,no,no,1.1
47.0,60.0,1.02,0.0,0.0,normal,normal,notpresent,notpresent,117.0,22.0,138.0,3.5,13.0,45.0,5200.0,5.6,no,no,no,good,no,no,1.2
74.0,60.0,1.02,0.0,0.0,normal,normal,notpresent,notpresent,88.0,50.0,147.0,3.7,17.2,53.0,6000.0,4.5,no,no,no,good,no,no,0.6
35.0,60.0,1.025,0.0,0.0,normal,normal,notpresent,notpresent,105.0,39.0,135.0,3.9,14.7,43.0,5800.0,6.2,no,no,no,good,no,no,0.5
29.0,80.0,1.02,0.0,0.0,normal,normal,notpresent,notpresent,70.0,16.0,138.0,3.5,13.7,54.0,5400.0,5.8,no,no,no,good,no,no,0.7
33.0,80.0,1.025,0.0,0.0,normal,normal,notpresent,notpresent,89.0,19.0,144.0,5.0,15.0,40.0,10300.0,4.8,no,no,no,good,no,no,1.1
67.0,80.0,1.025,0.0,0.0,normal,normal,notpresent,notpresent,99.0,40.0,,,17.8,44.0,5900.0,5.2,no,no,no,good,no,no,0.5
73.0,80.0,1.025,0.0,0.0,normal,normal,notpresent,notpresent,118.0,44.0,137.0,3.5,14.8,45.0,9300.0,4.7,no,no,no,good,no,no,0.7
24.0,80.0,1.02,0.0,0.0,normal,normal,notpresent,notpresent,93.0,46.0,145.0,3.5,,,10700.0,6.3,no,no,no,good,no,no,1.0
60.0,80.0,1.025,0.0,0.0,normal,normal,notpresent,notpresent,81.0,15.0,141.0,3.6,15.0,46.0,10500.0,5.3,no,no,no,good,no,no,0.5
68.0,60.0,1.025,0.0,0.0,normal,normal,notpresent,notpresent,125.0,41.0,139.0,3.8,17.4,50.0,6700.0,6.1,no,no,no,good,no,no,1.1
30.0,80.0,1.025,0.0,0.0,normal,normal,notpresent,notpresent,82.0,42.0,146.0,5.0,14.9,45.0,9400.0,5.9,no,no,no,good,no,no,0.7
75.0,70.0,1.02,0.0,0.0,normal,normal,notpresent,notpresent,107.0,48.0,144.0,3.5,13.6,46.0,10300.0,4.8,no,no,no,good,no,no,0.8
69.0,70.0,1.02,0.0,0.0,normal,normal,notpresent,notpresent,83.0,42.0,139.0,3.7,16.2,50.0,9300.0,5.4,no,no,no,good,no,no,1.2
28.0,60.0,1.025,0.0,0.0,normal,normal,notpresent,notpresent,79.0,50.0,145.0,5.0,17.6,51.0,6500.0,5.0,no,no,no,good,no,no,0.5
72.0,60.0,1.02,0.0,0.0,normal,normal,notpresent,notpresent,109.0,26.0,150.0,4.9,15.0,52.0,10500.0,5.5,no,no,no,good,no,no,0.9
61.0,70.0,1.025,0.0,0.0,normal,normal,notpresent,notpresent,133.0,38.0,142.0,3.6,13.7,47.0,9200.0,4.9,no,no,no,good,no,no,1.0
79.0,80.0,1.025,0.0,0.0,normal,normal,notpresent,notpresent,111.0,44.0,146.0,3.6,16.3,40.0,8000.0,6.4,no,no,no,good,no,no,1.2
70.0,80.0,1.02,0.0,0.0,normal,normal,notpresent,notpresent,74.0,41.0,143.0,4.5,15.1,48.0,9700.0,5.6,no,no,no,good,no,no,0.5
58.0,70.0,1.025,0.0,0.0,normal,normal,notpresent,notpresent,88.0,16.0,147.0,3.5,16.4,53.0,9100.0,5.2,no,no,no,good,no,no,1.1
64.0,70.0,1.02,0.0,0.0,normal,normal,notpresent,notpresent,97.0,27.0,145.0,4.8,13.8,49.0,6400.0,4.8,no,no,no,good,no,no,0.7
71.0,60.0,1.025,0.0,0.0,normal,normal,notpresent,notpresent,,,140.0,4.8,15.2,42.0,7700.0,5.5,no,no,no,good,no,no,0.9
62.0,80.0,1.025,0.0,0.0,normal,normal,notpresent,notpresent,78.0,45.0,138.0,3.5,16.1,50.0,5400.0,5.7,no,no,no,good,no,no,0.6
59.0,60.0,1.02,0.0,0.0,normal,normal,notpresent,notpresent,113.0,23.0,139.0,3.5,15.3,54.0,6500.0,4.9,no,no,no,good,no,no,1.1
71.0,70.0,1.025,0.0,0.0,,,notpresent,notpresent,79.0,47.0,142.0,4.8,16.6,40.0,5800.0,5.9,no,no,no,good,no,no,0.5
48.0,80.0,1.025,0.0,0.0,normal,normal,notpresent,notpresent,75.0,22.0,137.0,5.0,16.8,51.0,6000.0,6.5,no,no,no,good,no,no,0.8
80.0,80.0,1.025,0.0,0.0,normal,normal,notpresent,notpresent,119.0,46.0,141.0,4.9,13.9,49.0,5100.0,5.0,no,no,no,good,no,no,0.7
57.0,60.0,1.02,0.0,0.0,normal,normal,notpresent,notpresent,132.0,18.0,150.0,4.7,15.4,42.0,11000.0,4.5,no,no,no,good,no,no,1.1
63.0,70.0,1.02,0.0,0.0,normal,normal,notpresent,notpresent,113.0,25.0,146.0,4.9,16.5,52.0,8000.0,5.1,no,no,no,good,no,no,0.6
46.0,70.0,1.025,0.0,0.0,normal,normal,notpresent,notpresent,100.0,47.0,142.0,3.5,16.4,43.0,5700.0,6.5,no,no,no,good,no,no,0.5
15.0,80.0,1.025,0.0,0.0,normal,normal,notpresent,notpresent,93.0,17.0,136.0,3.9,16.7,50.0,6200.0,5.2,no,no,no,good,no,no,0.9
51.0,80.0,1.02,0.0,0.0,normal,normal,notpresent,notpresent,94.0,15.0,144.0,3.7,15.5,46.0,9500.0,6.4,no,no,no,good,no,no,1.2
41.0,80.0,1.025,0.0,0.0,normal,normal,notpresent,notpresent,112.0,48.0,140.0,5.0,17.0,52.0,7200.0,5.8,no,no,no,good,no,no,0.7
52.0,80.0,1.025,0.0,0.0,normal,normal,notpresent,notpresent,99.0,25.0,135.0,3.7,15.0,52.0,6300.0,5.3,no,no,no,good,no,no,0.8
36.0,80.0,1.025,0.0,0.0,normal,normal,notpresent,notpresent,85.0,16.0,142.0,4.1,15.6,44.0,5800.0,6.3,no,no,no,good,no,no,1.1
57.0,80.0,1.02,0.0,0.0,normal,normal,notpresent,notpresent,133.0,48.0,147.0,4.3,14.8,46.0,6600.0,5.5,no,no,no,good,no,no,1.2
43.0,60.0,1.025,0.0,0.0,normal,normal,notpresent,notpresent,117.0,45.0,141.0,4.4,13.0,54.0,7400.0,5.4,no,no,no,good,no,no,0.7
50.0,80.0,1.02,0.0,0.0,normal,normal,notpresent,notpresent,137.0,46.0,139.0,5.0,14.1,45.0,9500.0,4.6,no,no,no,good,no,no,0.8
55.0,80.0,1.02,0.0,0.0,normal,normal,notpresent,notpresent,140.0,49.0,150.0,4.9,15.7,47.0,6700.0,4.9,no,no,no,good,no,no,0.5
42.0,70.0,1.025,0.0,0.0,normal,normal,notpresent,notpresent,75.0,31.0,141.0,3.5,16.5,54.0,7800.0,6.2,no,no,no,good,no,no,1.2
12.0,80.0,1.02,0.0,0.0,normal,normal,notpresent,notpresent,100.0,26.0,137.0,4.4,15.8,49.0,6600.0,5.4,no,no,no,good,no,no,0.6
17.0,60.0,1.025,0.0,0.0,normal,normal,notpresent,notpresent,114.0,50.0,135.0,4.9,14.2,51.0,7200.0,5.9,no,no,no,good,no,no,1.0
58.0,80.0,1.025,0.0,0.0,normal,normal,notpresent,notpresent,131.0,18.0,141.0,3.5,15.8,53.0,6800.0,6.1,no,no,no,good,no,no,1.1
